MHC Class-I Epitopes,,,,,,,
,,,,,,,
allele,seq_num,start,end,length,peptide,ic50,rank
,,,,,,,
HLA-A*01:01,1,3,11,9,SSDNIALLV,35.43,0.08
HLA-A*68:02,1,2,10,9,SSSDNIALL,56.07,0.4
HLA-A*68:02,1,2,11,10,SSSDNIALLV,66.42,0.45
HLA-A*02:06,1,3,11,9,SSDNIALLV,300.61,1.9
HLA-A*01:01,1,2,11,10,SSSDNIALLV,372.95,0.43
HLA-A*02:03,1,2,11,10,SSSDNIALLV,451.27,3.2
HLA-A*02:03,1,2,10,9,SSSDNIALL,578.17,3.7
HLA-A*68:02,1,1,10,10,SSSSDNIALL,595.61,1.8
HLA-A*02:06,1,2,10,9,SSSDNIALL,1237.24,4.5
HLA-A*68:02,1,1,9,9,SSSSDNIAL,1344.41,3
HLA-B*58:01,1,2,11,10,SSSDNIALLV,1355.44,1.6
HLA-A*68:02,1,3,11,9,SSDNIALLV,1497.56,3.3
HLA-A*02:06,1,2,11,10,SSSDNIALLV,1555.28,5.1
HLA-B*35:01,1,1,9,9,SSSSDNIAL,1705.49,1.8
HLA-B*58:01,1,1,10,10,SSSSDNIALL,2076.5,2
HLA-B*57:01,1,1,10,10,SSSSDNIALL,2082.3,2.5
HLA-A*02:01,1,3,11,9,SSDNIALLV,2275.57,6.9
HLA-A*02:01,1,2,10,9,SSSDNIALL,2312.07,7
HLA-A*02:03,1,1,10,10,SSSSDNIALL,2625.09,8.8
HLA-B*58:01,1,2,10,9,SSSDNIALL,2929.55,2.5
HLA-A*01:01,1,3,12,10,SSDNIALLVQ,2953.68,1.7
HLA-B*15:01,1,1,9,9,SSSSDNIAL,3407.88,5.1
HLA-A*02:01,1,2,11,10,SSSDNIALLV,3472.75,9
HLA-B*57:01,1,2,11,10,SSSDNIALLV,3524.46,3.5
HLA-A*02:03,1,3,11,9,SSDNIALLV,3671.2,12
HLA-A*02:06,1,1,9,9,SSSSDNIAL,3788.13,9.3
HLA-B*58:01,1,3,12,10,SSDNIALLVQ,4582.71,3.5
HLA-B*57:01,1,2,10,9,SSSDNIALL,4638.74,4.4
HLA-B*15:01,1,2,10,9,SSSDNIALL,4758.45,6.5
HLA-B*58:01,1,1,9,9,SSSSDNIAL,5058.26,3.8
HLA-A*30:02,1,2,10,9,SSSDNIALL,5621.39,6.1
HLA-A*11:01,1,2,11,10,SSSDNIALLV,5711.21,8.1
HLA-A*26:01,1,2,10,9,SSSDNIALL,5763.85,1.9
HLA-B*58:01,1,3,11,9,SSDNIALLV,6295.4,4.5
HLA-A*30:01,1,2,10,9,SSSDNIALL,6309.11,6.2
HLA-A*11:01,1,3,11,9,SSDNIALLV,6389.41,8.6
HLA-A*30:02,1,1,10,10,SSSSDNIALL,6439.31,6.8
HLA-B*15:01,1,1,10,10,SSSSDNIALL,6596.71,8.4
HLA-B*40:01,1,1,9,9,SSSSDNIAL,6910.58,5.1
HLA-A*30:02,1,3,11,9,SSDNIALLV,7167.59,7.4
HLA-A*32:01,1,3,11,9,SSDNIALLV,7836.14,3.8
HLA-A*30:02,1,2,11,10,SSSDNIALLV,7915.73,8.1
HLA-A*02:06,1,3,12,10,SSDNIALLVQ,7927.9,17
HLA-A*02:01,1,1,9,9,SSSSDNIAL,7989.47,17
HLA-B*57:01,1,1,9,9,SSSSDNIAL,8035.16,7.2
HLA-A*30:01,1,1,9,9,SSSSDNIAL,8221.6,8.2
HLA-A*30:02,1,1,9,9,SSSSDNIAL,8959.04,9.1
HLA-A*11:01,1,2,10,9,SSSDNIALL,9141.85,12
HLA-A*02:06,1,1,10,10,SSSSDNIALL,9427.64,20
HLA-B*07:02,1,1,9,9,SSSSDNIAL,9742.99,7.7
HLA-B*57:01,1,3,12,10,SSDNIALLVQ,10359.54,9.5
HLA-A*31:01,1,2,10,9,SSSDNIALL,10497.76,18
HLA-A*02:03,1,3,12,10,SSDNIALLVQ,10989.02,24
HLA-A*02:01,1,1,10,10,SSSSDNIALL,11534.07,21
HLA-A*01:01,1,2,10,9,SSSDNIALL,11682.52,4.8
HLA-A*02:01,1,3,12,10,SSDNIALLVQ,11922.33,22
HLA-A*02:03,1,1,9,9,SSSSDNIAL,12144.71,26
HLA-A*68:01,1,2,10,9,SSSDNIALL,12218.12,14
HLA-B*57:01,1,3,11,9,SSDNIALLV,12248.7,13
HLA-A*32:01,1,1,9,9,SSSSDNIAL,12323.4,5.9
HLA-A*31:01,1,1,10,10,SSSSDNIALL,13267,22
HLA-A*23:01,1,2,10,9,SSSDNIALL,13314.32,9.3
HLA-A*01:01,1,1,9,9,SSSSDNIAL,13414.81,5.7
HLA-A*11:01,1,1,9,9,SSSSDNIAL,13543,15
HLA-A*24:02,1,2,10,9,SSSDNIALL,13549.16,9.6
HLA-A*11:01,1,3,12,10,SSDNIALLVQ,13656.16,16
HLA-B*15:01,1,3,12,10,SSDNIALLVQ,13715.68,18
HLA-A*31:01,1,2,11,10,SSSDNIALLV,14018.15,23
HLA-A*30:01,1,3,11,9,SSDNIALLV,14426.37,17
HLA-A*30:01,1,2,11,10,SSSDNIALLV,15214.32,18
HLA-B*40:01,1,2,10,9,SSSDNIALL,15750.83,12
HLA-A*11:01,1,1,10,10,SSSSDNIALL,15904.61,17
HLA-A*30:01,1,1,10,10,SSSSDNIALL,16214.24,20
HLA-A*03:01,1,2,11,10,SSSDNIALLV,16218.62,21
HLA-A*24:02,1,1,10,10,SSSSDNIALL,16336.97,13
HLA-B*07:02,1,2,10,9,SSSDNIALL,16998.38,14
HLA-B*35:01,1,2,10,9,SSSDNIALL,16999.85,14
HLA-A*03:01,1,3,11,9,SSDNIALLV,17078.76,22
HLA-B*08:01,1,2,10,9,SSSDNIALL,17129.83,23
HLA-A*26:01,1,1,10,10,SSSSDNIALL,17653.1,7.6
HLA-B*40:01,1,3,11,9,SSDNIALLV,17765.96,14
HLA-A*68:02,1,3,12,10,SSDNIALLVQ,17862.92,24
HLA-A*01:01,1,1,10,10,SSSSDNIALL,18353.29,9.2
HLA-B*53:01,1,1,9,9,SSSSDNIAL,18394.64,8.4
HLA-A*31:01,1,3,11,9,SSDNIALLV,18548.52,30
HLA-B*08:01,1,1,9,9,SSSSDNIAL,18915.56,26
HLA-A*26:01,1,2,11,10,SSSDNIALLV,19518.5,9.3
HLA-B*44:03,1,4,12,9,SDNIALLVQ,19563.11,15
HLA-A*30:02,1,3,12,10,SSDNIALLVQ,19823.91,28
HLA-B*08:01,1,1,10,10,SSSSDNIALL,20321.23,29
HLA-B*15:01,1,2,11,10,SSSDNIALLV,20402.96,27
HLA-B*35:01,1,1,10,10,SSSSDNIALL,20496.33,18
HLA-A*68:01,1,2,11,10,SSSDNIALLV,20777.45,21
HLA-A*31:01,1,1,9,9,SSSSDNIAL,21119.01,35
HLA-A*23:01,1,1,10,10,SSSSDNIALL,21243.22,17
HLA-B*51:01,1,3,11,9,SSDNIALLV,21793.36,9.4
HLA-A*31:01,1,3,12,10,SSDNIALLVQ,21807.04,36
HLA-A*68:01,1,1,10,10,SSSSDNIALL,21921.29,22
HLA-A*03:01,1,2,10,9,SSSDNIALL,22211.61,30
HLA-B*07:02,1,1,10,10,SSSSDNIALL,22286.48,20
HLA-B*15:01,1,4,12,9,SDNIALLVQ,22313.26,31
HLA-A*30:01,1,3,12,10,SSDNIALLVQ,22359.9,32
HLA-B*44:02,1,2,10,9,SSSDNIALL,23363.53,16
HLA-B*40:01,1,4,12,9,SDNIALLVQ,23399.2,21
HLA-B*40:01,1,1,10,10,SSSSDNIALL,23821.21,21
HLA-A*26:01,1,1,9,9,SSSSDNIAL,23989.59,17
HLA-A*03:01,1,1,10,10,SSSSDNIALL,24053.26,34
HLA-B*44:02,1,1,9,9,SSSSDNIAL,24114.5,17
HLA-B*07:02,1,3,11,9,SSDNIALLV,24224.06,23
HLA-B*53:01,1,2,10,9,SSSDNIALL,24287.84,14
HLA-B*53:01,1,3,11,9,SSDNIALLV,24499.52,14
HLA-A*26:01,1,3,11,9,SSDNIALLV,25146.21,19
HLA-A*32:01,1,2,10,9,SSSDNIALL,25164.72,17
HLA-B*08:01,1,3,11,9,SSDNIALLV,25236.98,41
HLA-B*58:01,1,4,12,9,SDNIALLVQ,25370.86,33
HLA-A*03:01,1,1,9,9,SSSSDNIAL,25541.35,37
HLA-B*44:02,1,4,12,9,SDNIALLVQ,26182.95,20
HLA-B*57:01,1,4,12,9,SDNIALLVQ,26712.32,42
HLA-A*68:01,1,1,9,9,SSSSDNIAL,26792.5,27
HLA-A*11:01,1,4,12,9,SDNIALLVQ,27128.25,32
HLA-B*08:01,1,2,11,10,SSSDNIALLV,27142.34,47
HLA-A*03:01,1,3,12,10,SSDNIALLVQ,27431.98,42
HLA-B*07:02,1,4,12,9,SDNIALLVQ,27490.21,29
HLA-A*24:02,1,2,11,10,SSSDNIALLV,27918.25,25
HLA-A*30:01,1,4,12,9,SDNIALLVQ,28237.23,49
HLA-B*53:01,1,1,10,10,SSSSDNIALL,28305.44,19
HLA-A*02:03,1,4,12,9,SDNIALLVQ,28426.98,57
HLA-A*26:01,1,4,12,9,SDNIALLVQ,28668.53,29
HLA-A*02:01,1,4,12,9,SDNIALLVQ,28700.49,52
HLA-A*68:01,1,3,12,10,SSDNIALLVQ,28825.29,30
HLA-A*33:01,1,2,10,9,SSSDNIALL,28829.96,31
HLA-A*68:01,1,3,11,9,SSDNIALLV,29189.03,31
HLA-A*30:02,1,4,12,9,SDNIALLVQ,29207.35,61
HLA-B*44:02,1,3,11,9,SSDNIALLV,29443.11,26
HLA-B*35:01,1,3,11,9,SSDNIALLV,30124.32,35
HLA-A*01:01,1,4,12,9,SDNIALLVQ,30152.37,39
HLA-B*44:03,1,3,12,10,SSDNIALLVQ,30413.5,24
HLA-A*24:02,1,1,9,9,SSSSDNIAL,30555.01,29
HLA-A*26:01,1,3,12,10,SSDNIALLVQ,30601.64,36
HLA-A*23:01,1,3,11,9,SSDNIALLV,30717.43,29
HLA-A*02:06,1,4,12,9,SDNIALLVQ,30748.02,58
HLA-A*03:01,1,4,12,9,SDNIALLVQ,30929.87,53
HLA-B*40:01,1,2,11,10,SSSDNIALLV,31366.63,41
HLA-B*51:01,1,1,9,9,SSSSDNIAL,31519.73,31
HLA-B*07:02,1,2,11,10,SSSDNIALLV,31529.27,39
HLA-A*23:01,1,1,9,9,SSSSDNIAL,31549.06,30
HLA-B*51:01,1,2,10,9,SSSDNIALL,31641.71,32
HLA-A*23:01,1,2,11,10,SSSDNIALLV,31662.27,30
HLA-B*07:02,1,3,12,10,SSDNIALLVQ,31790.31,40
HLA-A*31:01,1,4,12,9,SDNIALLVQ,31919.2,63
HLA-A*32:01,1,2,11,10,SSSDNIALLV,31942.01,26
HLA-B*53:01,1,2,11,10,SSSDNIALLV,32020.2,25
HLA-B*40:01,1,3,12,10,SSDNIALLVQ,32099.29,43
HLA-B*15:01,1,3,11,9,SSDNIALLV,32197.72,56
HLA-B*44:03,1,1,9,9,SSSSDNIAL,32772.03,28
HLA-B*51:01,1,2,11,10,SSSDNIALLV,32972.64,38
HLA-B*35:01,1,4,12,9,SDNIALLVQ,33104.19,43
HLA-A*24:02,1,3,11,9,SSDNIALLV,33137.51,34
HLA-A*33:01,1,2,11,10,SSSDNIALLV,33328.45,40
HLA-B*51:01,1,4,12,9,SDNIALLVQ,33329.52,39
HLA-B*44:03,1,2,10,9,SSSDNIALL,34033.93,30
HLA-A*32:01,1,3,12,10,SSDNIALLVQ,34120.21,31
HLA-B*44:02,1,1,10,10,SSSSDNIALL,34242.27,42
HLA-A*33:01,1,1,10,10,SSSSDNIALL,34310.5,43
HLA-A*33:01,1,3,11,9,SSDNIALLV,35077.38,45
HLA-B*51:01,1,3,12,10,SSDNIALLVQ,35188.74,50
HLA-A*32:01,1,1,10,10,SSSSDNIALL,35364.33,34
HLA-B*08:01,1,3,12,10,SSDNIALLVQ,35622.78,79
HLA-A*32:01,1,4,12,9,SDNIALLVQ,36253.85,36
HLA-B*53:01,1,3,12,10,SSDNIALLVQ,36259.34,36
HLA-B*44:02,1,2,11,10,SSSDNIALLV,36531.07,53
HLA-B*08:01,1,4,12,9,SDNIALLVQ,36600.68,83
HLA-A*68:01,1,4,12,9,SDNIALLVQ,36889.34,48
HLA-B*44:03,1,2,11,10,SSSDNIALLV,36953.65,35
HLA-A*33:01,1,1,9,9,SSSSDNIAL,37371.82,52
HLA-B*44:02,1,3,12,10,SSDNIALLVQ,37666.12,60
HLA-B*53:01,1,4,12,9,SDNIALLVQ,37909.81,41
HLA-B*44:03,1,3,11,9,SSDNIALLV,38048.3,37
HLA-A*23:01,1,4,12,9,SDNIALLVQ,38294.02,49
HLA-B*44:03,1,1,10,10,SSSSDNIALL,38662.47,39
HLA-B*35:01,1,2,11,10,SSSDNIALLV,38878.07,66
HLA-B*51:01,1,1,10,10,SSSSDNIALL,39048.39,79
HLA-B*35:01,1,3,12,10,SSDNIALLVQ,39699.77,71
HLA-A*24:02,1,4,12,9,SDNIALLVQ,39728.12,53
HLA-A*33:01,1,3,12,10,SSDNIALLVQ,39878.01,61
HLA-A*24:02,1,3,12,10,SSDNIALLVQ,40514.27,56
HLA-A*23:01,1,3,12,10,SSDNIALLVQ,40718.61,59
HLA-A*33:01,1,4,12,9,SDNIALLVQ,42938.89,75
HLA-A*68:02,1,4,12,9,SDNIALLVQ,43141.46,84
