B-Cell Epitopes,,,
,,,
Position,Residue,Score,Assignment
0,G,0.219,.
1,A,0.275,.
2,V,0.328,.
3,I,0.38,.
4,L,0.414,.
5,R,0.439,.
6,G,0.434,.
7,H,0.44,.
8,L,0.448,.
9,R,0.463,.
10,I,0.465,.
11,A,0.466,.
12,G,0.469,.
13,H,0.498,.
14,H,0.491,.
15,L,0.516,E
16,G,0.517,E
17,R,0.531,E
18,C,0.53,E
19,D,0.523,E
20,I,0.53,E
21,K,0.533,E
22,D,0.527,E
23,L,0.517,E
24,P,0.508,E
25,K,0.501,E
26,E,0.484,.
27,I,0.475,.
28,T,0.478,.
29,V,0.48,.
30,A,0.481,.
31,T,0.469,.
32,S,0.482,.
33,R,0.478,.
34,T,0.481,.
35,L,0.488,.
36,S,0.488,.
37,Y,0.483,.
38,Y,0.467,.
39,K,0.464,.
40,L,0.483,.
41,G,0.504,E
42,A,0.517,E
43,S,0.547,E
44,Q,0.553,E
45,R,0.556,E
46,V,0.559,E
47,A,0.568,E
48,G,0.552,E
49,D,0.536,E
50,S,0.506,E
51,G,0.496,.
52,F,0.47,.
53,A,0.465,.
54,A,0.467,.
55,Y,0.475,.
56,S,0.477,.
57,R,0.5,.
58,Y,0.513,E
59,R,0.538,E
60,I,0.55,E
61,G,0.554,E
62,N,0.561,E
63,Y,0.574,E
64,K,0.587,E
65,L,0.605,E
66,N,0.624,E
67,T,0.637,E
68,D,0.639,E
69,H,0.639,E
70,S,0.65,E
71,S,0.648,E
72,S,0.628,E
73,S,0.611,E
74,D,0.587,E
75,N,0.565,E
76,I,0.551,E
77,A,0.52,E
78,L,0.452,.
79,L,0.384,.
80,V,0.321,.
81,Q,0.268,.
